[
    {
        "id": 183,
        "place_id": "ChIJRUWgxgmoXZQRKCKhTnJ9W3I",
        "nombre": "Hotel Westfalenhaus",
        "direccion": "Sargento 1ro Manuel Benítez 1577, Kuarajhy",
        "lat": -25.2688924,
        "lng": -57.56644259999999,
        "categoria": "comida",
        "tipos": "lodging,restaurant,food,point_of_interest,establishment",
        "rating": 4.5,
        "telefono": "0971 291241",
        "web": "http://www.westfalenhaus.com/",
        "fecha_actualizacion": "2026-02-04T12:57:48.295223",
        "horarios": "Monday: Open 24 hours; Tuesday: Open 24 hours; Wednesday: Open 24 hours; Thursday: Open 24 hours; Friday: Open 24 hours; Saturday: Open 24 hours; Sunday: Open 24 hours"
    },
    {
        "id": 184,
        "place_id": "ChIJC75BVkemXZQRViMwGba0WrI",
        "nombre": "Pizza Hut",
        "direccion": "Santisimo Sacramento, Asunción",
        "lat": -25.2651409,
        "lng": -57.5820386,
        "categoria": "comida",
        "tipos": "restaurant,food,point_of_interest,establishment",
        "rating": 4.0,
        "telefono": "(021) 218 9000",
        "web": "http://www.pizzahut.com.py/",
        "fecha_actualizacion": "2026-02-04T12:57:49.291120",
        "horarios": "Monday: 11:00 AM – 11:00 PM; Tuesday: 11:00 AM – 11:00 PM; Wednesday: 11:00 AM – 11:00 PM; Thursday: 11:00 AM – 11:00 PM; Friday: 11:00 AM – 11:30 PM; Saturday: 11:00 AM – 11:30 PM; Sunday: 11:00 AM – 11:00 PM"
    },
    {
        "id": 185,
        "place_id": "ChIJ9TQW1kOmXZQR3eXcb_aZmd0",
        "nombre": "Pizza Grossa",
        "direccion": "Caracas, Asunción",
        "lat": -25.2580982,
        "lng": -57.5792681,
        "categoria": "comida",
        "tipos": "meal_delivery,meal_takeaway,bar,restaurant,food,point_of_interest,establishment",
        "rating": 4.4,
        "telefono": "0982 104759",
        "web": "",
        "fecha_actualizacion": "2026-02-04T12:57:50.235685",
        "horarios": "Monday: 6:00 PM – 1:00 AM; Tuesday: 6:00 PM – 1:00 AM; Wednesday: 6:00 PM – 1:00 AM; Thursday: 6:00 PM – 1:00 AM; Friday: 6:00 PM – 1:00 AM; Saturday: 6:00 PM – 1:00 AM; Sunday: Closed"
    },
    {
        "id": 186,
        "place_id": "ChIJz7dBvBGmXZQRk0caPtt6cIo",
        "nombre": "Alberdin Santisima Trinidad",
        "direccion": "&, Av Santísima Trinidad &, Kuarahy, Asunción",
        "lat": -25.2679729,
        "lng": -57.56640239999999,
        "categoria": "comida",
        "tipos": "restaurant,food,point_of_interest,establishment",
        "rating": 4.0,
        "telefono": "(021) 237 7070",
        "web": "http://www.alberdin.com.py/",
        "fecha_actualizacion": "2026-02-04T12:57:51.355233",
        "horarios": "Monday: 8:00 AM – 10:00 PM; Tuesday: 8:00 AM – 10:00 PM; Wednesday: 8:00 AM – 10:00 PM; Thursday: 8:00 AM – 10:00 PM; Friday: 8:00 AM – 10:00 PM; Saturday: 8:00 AM – 10:00 PM; Sunday: 8:00 AM – 10:00 PM"
    },
    {
        "id": 187,
        "place_id": "ChIJuTykxSKnXZQRtZAeQTasAEg",
        "nombre": "Das Grillhaus ~ El toque alemán",
        "direccion": "Sargento 1ro Manuel Benítez 1575 casi, Kuarajhy",
        "lat": -25.269038,
        "lng": -57.5662247,
        "categoria": "comida",
        "tipos": "restaurant,food,point_of_interest,establishment",
        "rating": 4.4,
        "telefono": "0975 297966",
        "web": "",
        "fecha_actualizacion": "2026-02-04T12:57:52.286934",
        "horarios": "Monday: 6:30 AM – 11:30 PM; Tuesday: 6:30 AM – 11:30 PM; Wednesday: 6:30 AM – 11:30 PM; Thursday: 6:30 AM – 11:30 PM; Friday: 6:30 AM – 11:30 PM; Saturday: 6:30 AM – 11:30 PM; Sunday: 7:30 AM – 10:00 PM"
    },
    {
        "id": 188,
        "place_id": "ChIJ86_VrjGnXZQRZJXolCDeg8s",
        "nombre": "La Nutry Healthy Food",
        "direccion": "Profesor Doctor Francisco Fernández 684, Asunción",
        "lat": -25.2690629,
        "lng": -57.5649524,
        "categoria": "comida",
        "tipos": "restaurant,food,point_of_interest,establishment",
        "rating": 4.5,
        "telefono": "0981 130133",
        "web": "",
        "fecha_actualizacion": "2026-02-04T12:57:53.199911",
        "horarios": "Monday: 8:00 AM – 10:00 PM; Tuesday: 8:00 AM – 11:00 PM; Wednesday: 8:00 AM – 11:00 PM; Thursday: 8:00 AM – 11:30 PM; Friday: 8:00 AM – 11:30 PM; Saturday: 8:00 AM – 11:30 PM; Sunday: Closed"
    },
    {
        "id": 189,
        "place_id": "ChIJm_BzChumXZQRZqkSl2wPbWs",
        "nombre": "Lomas Resto Bar",
        "direccion": "Avenida General José de San Martín, Asunción",
        "lat": -25.2758727,
        "lng": -57.56737529999999,
        "categoria": "comida",
        "tipos": "bar,restaurant,food,point_of_interest,establishment",
        "rating": 4.5,
        "telefono": "0985 314558",
        "web": "https://www.instagram.com/lomas_restobar/",
        "fecha_actualizacion": "2026-02-04T12:57:54.020093",
        "horarios": "Monday: 5:00 PM – 1:00 AM; Tuesday: 5:00 PM – 1:00 AM; Wednesday: 5:00 PM – 1:00 AM; Thursday: 5:00 PM – 1:00 AM; Friday: 5:00 PM – 1:00 AM; Saturday: Closed; Sunday: Closed"
    },
    {
        "id": 190,
        "place_id": "ChIJh7n2EAymXZQRCFVxIAEElhk",
        "nombre": "Lo de Tobias",
        "direccion": "Julio Correa, Asunción",
        "lat": -25.2642931,
        "lng": -57.5598807,
        "categoria": "comida",
        "tipos": "restaurant,bakery,food,point_of_interest,store,establishment",
        "rating": 4.4,
        "telefono": "0994 452091",
        "web": "",
        "fecha_actualizacion": "2026-02-04T12:57:54.650708",
        "horarios": "Monday: 7:00 AM – 9:00 PM; Tuesday: 7:00 AM – 9:00 PM; Wednesday: 7:00 AM – 9:00 PM; Thursday: 7:00 AM – 9:00 PM; Friday: 7:00 AM – 9:00 PM; Saturday: 7:00 AM – 3:00 PM; Sunday: 7:00 AM – 3:00 PM"
    },
    {
        "id": 191,
        "place_id": "ChIJ28UWw5-oXZQRz9im0zRVFIg",
        "nombre": "Sushiclub Asunción",
        "direccion": "Avenida Doctor Felipe Molas López 727 esq, Asunción",
        "lat": -25.2763461,
        "lng": -57.5657266,
        "categoria": "comida",
        "tipos": "restaurant,food,point_of_interest,establishment",
        "rating": 4.5,
        "telefono": "0994 478744",
        "web": "https://www.sushiclub.com.py/",
        "fecha_actualizacion": "2026-02-04T12:57:55.470827",
        "horarios": "Monday: 12:00 PM – 12:00 AM; Tuesday: 12:00 PM – 12:00 AM; Wednesday: 12:00 PM – 12:00 AM; Thursday: 12:00 PM – 12:00 AM; Friday: 12:00 PM – 12:00 AM; Saturday: 12:00 PM – 12:00 AM; Sunday: 12:00 PM – 12:00 AM"
    },
    {
        "id": 192,
        "place_id": "ChIJrbyP5AWmXZQRpatpbcynvRI",
        "nombre": "Del Vecchio Gourmet",
        "direccion": "Tte. Coronel César López, Asunción",
        "lat": -25.2709972,
        "lng": -57.5592949,
        "categoria": "comida",
        "tipos": "restaurant,food,point_of_interest,establishment",
        "rating": 4.7,
        "telefono": "0983 477916",
        "web": "",
        "fecha_actualizacion": "2026-02-04T12:57:56.386115",
        "horarios": "Monday: Closed; Tuesday: 6:30 – 11:30 PM; Wednesday: 6:30 – 11:00 PM; Thursday: 6:30 – 11:00 PM; Friday: 6:30 – 11:00 PM; Saturday: 6:30 – 11:00 PM; Sunday: 6:30 – 11:00 PM"
    },
    {
        "id": 193,
        "place_id": "ChIJRZz24g-mXZQRL3g81Zl0Ggs",
        "nombre": "La Vienesa Julio Correa",
        "direccion": "PCHP+P5Q, Julio Correa, Asunción",
        "lat": -25.2706509,
        "lng": -57.56451029999999,
        "categoria": "comida",
        "tipos": "bakery,restaurant,food,point_of_interest,store,establishment",
        "rating": 4.3,
        "telefono": "0985 918695",
        "web": "http://www.lavienesa.com.py/",
        "fecha_actualizacion": "2026-02-04T12:57:57.349069",
        "horarios": "Monday: 7:00 AM – 11:00 PM; Tuesday: 7:00 AM – 11:00 PM; Wednesday: 7:00 AM – 11:00 PM; Thursday: 7:00 AM – 11:00 PM; Friday: 7:00 AM – 12:00 AM; Saturday: 7:00 AM – 12:00 AM; Sunday: 7:00 AM – 11:00 PM"
    },
    {
        "id": 194,
        "place_id": "ChIJGeg5j0OmXZQRxvuK9b9kXak",
        "nombre": "God's Pan - Trinidad",
        "direccion": "Avenida Santísima Trinidad 3164, Asunción",
        "lat": -25.2578018,
        "lng": -57.5819132,
        "categoria": "comida",
        "tipos": "restaurant,cafe,bakery,food,point_of_interest,store,establishment",
        "rating": 4.3,
        "telefono": "(021) 280 212",
        "web": "http://www.godspan.com.py/",
        "fecha_actualizacion": "2026-02-04T12:57:58.322878",
        "horarios": "Monday: 7:00 AM – 9:00 PM; Tuesday: 7:00 AM – 9:00 PM; Wednesday: 7:00 AM – 9:00 PM; Thursday: 7:00 AM – 9:00 PM; Friday: 7:00 AM – 9:00 PM; Saturday: 7:00 AM – 9:00 PM; Sunday: 7:00 AM – 9:00 PM"
    },
    {
        "id": 195,
        "place_id": "ChIJTbdpuSKmXZQRC_vuK2kboGw",
        "nombre": "God's Pan",
        "direccion": "Avda. Augusto Roa Bastos, e",
        "lat": -25.2753664,
        "lng": -57.5770444,
        "categoria": "comida",
        "tipos": "restaurant,food,point_of_interest,establishment",
        "rating": 4.3,
        "telefono": "(021) 292 938",
        "web": "http://www.godspan.com.py/",
        "fecha_actualizacion": "2026-02-04T12:57:58.934890",
        "horarios": "Monday: 7:00 AM – 9:00 PM; Tuesday: 7:00 AM – 9:00 PM; Wednesday: 7:00 AM – 9:00 PM; Thursday: 7:00 AM – 9:00 PM; Friday: 7:00 AM – 9:00 PM; Saturday: 7:00 AM – 9:00 PM; Sunday: 7:00 AM – 9:00 PM"
    },
    {
        "id": 196,
        "place_id": "ChIJ61P4PACnXZQR8W8qUEjLsz8",
        "nombre": "Ginabot sa Paku (Pungko-pungko sa Ukap)",
        "direccion": "PCPF+GJH, Asuncion, Southern Leyte, Philippines, Asunción",
        "lat": -25.2636995,
        "lng": -57.57588459999999,
        "categoria": "comida",
        "tipos": "restaurant,food,point_of_interest,establishment",
        "rating": "-",
        "telefono": "Sin numero",
        "web": "",
        "fecha_actualizacion": "2026-02-04T12:57:59.553381",
        "horarios": ""
    },
    {
        "id": 197,
        "place_id": "ChIJq1K6fgCnXZQRrq9edGU6ruE",
        "nombre": "Pederzani Bar Bistro",
        "direccion": "PCPF+GJH, Asunción",
        "lat": -25.2636995,
        "lng": -57.57588459999999,
        "categoria": "comida",
        "tipos": "restaurant,food,point_of_interest,establishment",
        "rating": 5.0,
        "telefono": "0971 922001",
        "web": "",
        "fecha_actualizacion": "2026-02-04T12:58:00.158851",
        "horarios": "Monday: 8:30 AM – 12:00 AM; Tuesday: 8:30 AM – 12:00 AM; Wednesday: 8:30 AM – 12:00 AM; Thursday: 8:30 AM – 12:00 AM; Friday: 8:30 AM – 1:00 AM; Saturday: 8:30 AM – 1:00 AM; Sunday: 8:30 AM – 12:00 AM"
    },
    {
        "id": 198,
        "place_id": "ChIJT-wfNQCnXZQRnyC1caYtnTg",
        "nombre": "Comedor al paso",
        "direccion": "PCPF+GJH, Asunción",
        "lat": -25.2636995,
        "lng": -57.57588459999999,
        "categoria": "comida",
        "tipos": "restaurant,food,point_of_interest,establishment",
        "rating": "-",
        "telefono": "Sin numero",
        "web": "",
        "fecha_actualizacion": "2026-02-04T12:58:00.772962",
        "horarios": ""
    },
    {
        "id": 199,
        "place_id": "ChIJi56qUgCnXZQRv26OL9EkB68",
        "nombre": "Vila aurélia",
        "direccion": "PCPF+GJH, Rua coronel Turíbio Pacheco, Asunción",
        "lat": -25.2636995,
        "lng": -57.57588459999999,
        "categoria": "comida",
        "tipos": "restaurant,food,point_of_interest,establishment",
        "rating": "-",
        "telefono": "Sin numero",
        "web": "",
        "fecha_actualizacion": "2026-02-04T12:58:01.600480",
        "horarios": ""
    },
    {
        "id": 200,
        "place_id": "ChIJlZ_G5Y2pXZQRGhBnWOdNf0M",
        "nombre": "Kesu Mbuyapey",
        "direccion": "Asunción",
        "lat": -25.2636995,
        "lng": -57.57588459999999,
        "categoria": "comida",
        "tipos": "restaurant,food,point_of_interest,establishment",
        "rating": 4.0,
        "telefono": "0972 258019",
        "web": "",
        "fecha_actualizacion": "2026-02-04T12:58:02.473552",
        "horarios": "Monday: 7:00 AM – 7:00 PM; Tuesday: 7:00 AM – 7:00 PM; Wednesday: 7:00 AM – 7:00 PM; Thursday: 7:00 AM – 7:00 PM; Friday: 7:00 AM – 7:00 PM; Saturday: 7:00 AM – 5:00 PM; Sunday: 9:00 AM – 1:00 PM"
    },
    {
        "id": 201,
        "place_id": "ChIJE09-u2OnXZQR4s2eODLvpbw",
        "nombre": "burguergrillpy",
        "direccion": "PCPF+GJH, Sucre, Assunção, Mariano Roque Alonso",
        "lat": -25.2636994,
        "lng": -57.57588459999999,
        "categoria": "comida",
        "tipos": "restaurant,food,point_of_interest,establishment",
        "rating": "-",
        "telefono": "0992 492373",
        "web": "",
        "fecha_actualizacion": "2026-02-04T12:58:03.574411",
        "horarios": ""
    },
    {
        "id": 202,
        "place_id": "ChIJiV15QmGnXZQR-qXmEleBT0o",
        "nombre": "Bellini Corporativo",
        "direccion": "1000, Asunción",
        "lat": -25.2636994,
        "lng": -57.57588459999999,
        "categoria": "comida",
        "tipos": "restaurant,food,point_of_interest,establishment",
        "rating": 3.7,
        "telefono": "Sin numero",
        "web": "",
        "fecha_actualizacion": "2026-02-04T12:58:05.598473",
        "horarios": ""
    },
    {
        "id": 204,
        "place_id": "ChIJg02xWgCnXZQRMGk7m6yAHqg",
        "nombre": "La maltratadora maria almirón.",
        "direccion": "PCM9+QJ8, Asunción",
        "lat": -25.2655815,
        "lng": -57.58092989999999,
        "categoria": "turismo",
        "tipos": "tourist_attraction,point_of_interest,establishment",
        "rating": "-",
        "telefono": "Sin numero",
        "web": "",
        "fecha_actualizacion": "2026-02-04T12:58:08.570101",
        "horarios": ""
    },
    {
        "id": 205,
        "place_id": "ChIJV15IXESmXZQRNrh8jmpakfY",
        "nombre": "Holy Trinity Church",
        "direccion": "PCR9+7X9, &, Asunción",
        "lat": -25.2592292,
        "lng": -57.5810759,
        "categoria": "turismo",
        "tipos": "tourist_attraction,church,place_of_worship,point_of_interest,establishment",
        "rating": 4.6,
        "telefono": "0984 762682",
        "web": "https://web.facebook.com/Parroquia-Sant%C3%ADsima-Trinidad-188488504532992/",
        "fecha_actualizacion": "2026-02-04T12:58:09.280131",
        "horarios": "Monday: 8:30 – 11:30 AM, 3:30 – 6:20 PM; Tuesday: 8:30 – 11:30 AM, 3:30 – 6:20 PM; Wednesday: 8:30 – 11:30 AM, 3:30 – 6:20 PM; Thursday: 8:30 – 11:30 AM, 3:30 – 6:20 PM; Friday: 8:30 – 11:30 AM, 3:30 – 6:20 PM; Saturday: 8:40 – 11:30 AM; Sunday: Closed"
    },
    {
        "id": 206,
        "place_id": "ChIJbSz8daynXZQRq2l89YPMWCM",
        "nombre": "Casa de gabriel",
        "direccion": "Heriberto Gómez de la Fuente 209, Asunción",
        "lat": -25.27052399999999,
        "lng": -57.57758699999999,
        "categoria": "turismo",
        "tipos": "tourist_attraction,point_of_interest,establishment",
        "rating": 4.5,
        "telefono": "Sin numero",
        "web": "",
        "fecha_actualizacion": "2026-02-04T12:58:10.100879",
        "horarios": ""
    },
    {
        "id": 207,
        "place_id": "ChIJB8sTaACnXZQRW2WiQcc2Cic",
        "nombre": "Quinta belloto",
        "direccion": "PCRM+CHQ, Avenida Primer Presidente, Asunción",
        "lat": -25.2589009,
        "lng": -57.5660051,
        "categoria": "turismo",
        "tipos": "tourist_attraction,point_of_interest,establishment",
        "rating": "-",
        "telefono": "Sin numero",
        "web": "",
        "fecha_actualizacion": "2026-02-04T12:58:11.245617",
        "horarios": ""
    },
    {
        "id": 210,
        "place_id": "ChIJyXAsdL-nXZQRKI7l65lq4jo",
        "nombre": "Las Lomas",
        "direccion": "Doctor Carlos Abdala 1006, Asunción",
        "lat": -25.2764263,
        "lng": -57.5713088,
        "categoria": "turismo",
        "tipos": "tourist_attraction,point_of_interest,establishment",
        "rating": 5.0,
        "telefono": "Sin numero",
        "web": "https://es.m.wikipedia.org/wiki/Las_Lomas_(Asunci%C3%B3n)",
        "fecha_actualizacion": "2026-02-04T12:58:13.671232",
        "horarios": ""
    },
    {
        "id": 211,
        "place_id": "ChIJsZygTgCnXZQRbumNsfl-zbg",
        "nombre": "Oro ereolote79",
        "direccion": "PCXG+VF6, Asunción",
        "lat": -25.2503263,
        "lng": -57.5738649,
        "categoria": "turismo",
        "tipos": "tourist_attraction,point_of_interest,establishment",
        "rating": "-",
        "telefono": "Sin numero",
        "web": "",
        "fecha_actualizacion": "2026-02-04T12:58:14.297175",
        "horarios": ""
    },
    {
        "id": 212,
        "place_id": "ChIJj_DRLACnXZQRKBfBgaLr3ok",
        "nombre": "Perla’s House",
        "direccion": "PCGP+RH5, Asunción",
        "lat": -25.272853,
        "lng": -57.5633715,
        "categoria": "turismo",
        "tipos": "tourist_attraction,point_of_interest,establishment",
        "rating": 5.0,
        "telefono": "Sin numero",
        "web": "",
        "fecha_actualizacion": "2026-02-04T12:58:14.915969",
        "horarios": "Monday: Closed; Tuesday: 7:00 – 11:30 PM; Wednesday: 7:00 – 11:30 PM; Thursday: 7:00 – 11:30 PM; Friday: 7:00 – 11:30 PM; Saturday: 7:30 – 11:30 PM; Sunday: Closed"
    },
    {
        "id": 213,
        "place_id": "ChIJpcL5IACnXZQRXNzVMFCbNic",
        "nombre": "Arco Navideño San Martin",
        "direccion": "PCFJ+9Q3, Avenida General José de San Martín, Asunción",
        "lat": -25.2766191,
        "lng": -57.5680828,
        "categoria": "turismo",
        "tipos": "tourist_attraction,point_of_interest,establishment",
        "rating": "-",
        "telefono": "Sin numero",
        "web": "",
        "fecha_actualizacion": "2026-02-04T12:58:15.834399",
        "horarios": ""
    },
    {
        "id": 214,
        "place_id": "ChIJETu5NACnXZQRfhSVHhWTi8w",
        "nombre": "Salón multiuso",
        "direccion": "QC29+535, Avenida Primer Presidente, Asunción",
        "lat": -25.2496189,
        "lng": -57.58226329999999,
        "categoria": "turismo",
        "tipos": "tourist_attraction,point_of_interest,establishment",
        "rating": "-",
        "telefono": "Sin numero",
        "web": "",
        "fecha_actualizacion": "2026-02-04T12:58:16.729155",
        "horarios": ""
    },
    {
        "id": 215,
        "place_id": "ChIJFUZCkBCmXZQRW8Zha9mpnfY",
        "nombre": "El Paraiso de Rebe",
        "direccion": "Doctor Hipólito Carrón casi, Asunción",
        "lat": -25.2719111,
        "lng": -57.56853309999999,
        "categoria": "turismo",
        "tipos": "amusement_park,point_of_interest,establishment",
        "rating": 5.0,
        "telefono": "Sin numero",
        "web": "",
        "fecha_actualizacion": "2026-02-04T12:58:19.078747",
        "horarios": "Monday: 11:00 AM – 8:00 PM; Tuesday: Closed; Wednesday: Closed; Thursday: 11:00 AM – 5:00 PM; Friday: 11:00 AM – 5:00 PM; Saturday: 11:00 AM – 8:00 PM; Sunday: 11:00 AM – 8:00 PM"
    },
    {
        "id": 216,
        "place_id": "ChIJi2gGRmGmXZQRY9mCqitFMLs",
        "nombre": "Zoo of Asunción",
        "direccion": "QC2H+658, Asunción",
        "lat": -25.2494724,
        "lng": -57.57206249999999,
        "categoria": "turismo",
        "tipos": "zoo,point_of_interest,establishment",
        "rating": 4.1,
        "telefono": "Sin numero",
        "web": "",
        "fecha_actualizacion": "2026-02-04T12:58:21.430523",
        "horarios": "Monday: Closed; Tuesday: 9:00 AM – 4:00 PM; Wednesday: 9:00 AM – 4:00 PM; Thursday: 9:00 AM – 4:00 PM; Friday: 9:00 AM – 4:00 PM; Saturday: 9:00 AM – 4:00 PM; Sunday: 9:00 AM – 4:00 PM"
    },
    {
        "id": 217,
        "place_id": "ChIJI0qN0BOmXZQRQ7y1OCRWOW4",
        "nombre": "Atelier Boutique de Arte",
        "direccion": "1975, Avenida Santísima Trinidad, Asunción",
        "lat": -25.2654025,
        "lng": -57.570356,
        "categoria": "cultura",
        "tipos": "museum,point_of_interest,establishment",
        "rating": 4.5,
        "telefono": "0981 872176",
        "web": "http://atelierboutiquedearte.wordpress.com/",
        "fecha_actualizacion": "2026-02-04T12:58:23.467187",
        "horarios": "Monday: 1:30 – 7:00 PM; Tuesday: 1:30 – 7:00 PM; Wednesday: 1:30 – 7:00 PM; Thursday: 1:30 – 7:00 PM; Friday: 1:30 – 7:00 PM; Saturday: 9:00 AM – 1:00 PM; Sunday: Closed"
    },
    {
        "id": 218,
        "place_id": "ChIJBXMOfB2nXZQRldZegmsQI88",
        "nombre": "Hamptons de Molas López",
        "direccion": "Molas Lopez casi, Asunción",
        "lat": -25.2641725,
        "lng": -57.5782385,
        "categoria": "cultura",
        "tipos": "museum,point_of_interest,establishment",
        "rating": 5.0,
        "telefono": "Sin numero",
        "web": "",
        "fecha_actualizacion": "2026-02-04T12:58:24.082658",
        "horarios": "Monday: Open 24 hours; Tuesday: Open 24 hours; Wednesday: Open 24 hours; Thursday: Closed; Friday: Closed; Saturday: Closed; Sunday: Open 24 hours"
    },
    {
        "id": 219,
        "place_id": "ChIJz0FT5kSmXZQRM__9ml6lgI0",
        "nombre": "1A Cultural Center & Memorial: Ycuá Bolaños",
        "direccion": "PCV8+9F3, Asunción",
        "lat": -25.2566084,
        "lng": -57.5838237,
        "categoria": "cultura",
        "tipos": "museum,point_of_interest,establishment",
        "rating": 4.3,
        "telefono": "Sin numero",
        "web": "https://www.memorial1-a.com/",
        "fecha_actualizacion": "2026-02-04T12:58:24.705978",
        "horarios": "Monday: 7:00 AM – 3:00 PM; Tuesday: 7:00 AM – 3:00 PM; Wednesday: 7:00 AM – 3:00 PM; Thursday: 7:00 AM – 3:00 PM; Friday: 7:00 AM – 3:00 PM; Saturday: Closed; Sunday: Closed"
    },
    {
        "id": 220,
        "place_id": "ChIJdeAm6FymXZQRTQ9USNGNZcY",
        "nombre": "MUSA - Museum of Chairs Asuncion",
        "direccion": "Avenida General José Gervasio Artigas 4289, Asunción",
        "lat": -25.2527744,
        "lng": -57.5795817,
        "categoria": "cultura",
        "tipos": "museum,tourist_attraction,point_of_interest,establishment",
        "rating": 4.3,
        "telefono": "(021) 297 500",
        "web": "https://musa.com.py/",
        "fecha_actualizacion": "2026-02-04T12:58:25.492949",
        "horarios": "Monday: 9:00 AM – 12:00 PM, 2:30 – 5:00 PM; Tuesday: 9:00 AM – 12:00 PM, 2:30 – 5:00 PM; Wednesday: 9:00 AM – 12:00 PM, 2:30 – 5:00 PM; Thursday: 9:00 AM – 12:00 PM, 2:30 – 5:00 PM; Friday: 9:00 AM – 12:00 PM, 2:30 – 5:00 PM; Saturday: 9:00 AM – 12:00 PM; Sunday: Closed"
    },
    {
        "id": 221,
        "place_id": "ChIJkWj4IBinXZQRUiJtt8Mupc0",
        "nombre": "Tunel Itapua",
        "direccion": "PCVM+CHM, Asunción",
        "lat": -25.25641379999999,
        "lng": -57.5660932,
        "categoria": "cultura",
        "tipos": "museum,point_of_interest,establishment",
        "rating": 5.0,
        "telefono": "Sin numero",
        "web": "",
        "fecha_actualizacion": "2026-02-04T12:58:26.640673",
        "horarios": ""
    },
    {
        "id": 222,
        "place_id": "ChIJzQWs5OanXZQRuIxnWBFr6aM",
        "nombre": "Lopez Residence",
        "direccion": "PCWJ+P3J, Asunción",
        "lat": -25.2531732,
        "lng": -57.5698721,
        "categoria": "cultura",
        "tipos": "museum,point_of_interest,establishment",
        "rating": 4.4,
        "telefono": "Sin numero",
        "web": "",
        "fecha_actualizacion": "2026-02-04T12:58:27.560983",
        "horarios": ""
    },
    {
        "id": 223,
        "place_id": "ChIJDWbSPJynXZQRP7OcG08mSwg",
        "nombre": "Museo Artigas Karai Guasú, Asunción",
        "direccion": "PCXC+7PR, Asunción",
        "lat": -25.2517721,
        "lng": -57.5782475,
        "categoria": "cultura",
        "tipos": "museum,point_of_interest,establishment",
        "rating": "-",
        "telefono": "(021) 290 052",
        "web": "",
        "fecha_actualizacion": "2026-02-04T12:58:28.168057",
        "horarios": "Monday: 7:30 – 11:30 AM; Tuesday: 7:30 – 11:30 AM; Wednesday: 7:30 – 11:30 AM; Thursday: 7:30 – 11:30 AM; Friday: 7:30 – 11:30 AM; Saturday: Closed; Sunday: Closed"
    },
    {
        "id": 224,
        "place_id": "ChIJX2RWfmimXZQRVPd7v-Fkm28",
        "nombre": "Jardín Botánico de Asunción",
        "direccion": "Avenida Primer Presidente y, Asunción",
        "lat": -25.2503949,
        "lng": -57.5759772,
        "categoria": "cultura",
        "tipos": "tourist_attraction,museum,park,point_of_interest,establishment",
        "rating": 4.2,
        "telefono": "(021) 281 389",
        "web": "https://www.jbza.org/",
        "fecha_actualizacion": "2026-02-04T12:58:28.858104",
        "horarios": "Monday: 6:00 AM – 6:00 PM; Tuesday: 6:00 AM – 6:00 PM; Wednesday: 6:00 AM – 6:00 PM; Thursday: 6:00 AM – 6:00 PM; Friday: 6:00 AM – 6:00 PM; Saturday: 6:00 AM – 6:00 PM; Sunday: 6:00 AM – 6:00 PM"
    },
    {
        "id": 225,
        "place_id": "ChIJc8Z_0l2nXZQRwcZPzx_bnWI",
        "nombre": "Museo de Numismática y de Joyas en el Banco Central del Paraguay, Asunción",
        "direccion": "PCCG+X64, Federación Rusa, Asunción",
        "lat": -25.277609,
        "lng": -57.5744309,
        "categoria": "cultura",
        "tipos": "museum,point_of_interest,establishment",
        "rating": 3.2,
        "telefono": "0971 381968",
        "web": "",
        "fecha_actualizacion": "2026-02-04T12:58:29.588952",
        "horarios": "Monday: 8:00 AM – 3:30 PM; Tuesday: 8:00 AM – 3:30 PM; Wednesday: 8:00 AM – 3:30 PM; Thursday: 8:00 AM – 3:30 PM; Friday: 8:00 AM – 3:30 PM; Saturday: Closed; Sunday: Closed"
    },
    {
        "id": 226,
        "place_id": "ChIJRaVtbmemXZQRY-SOqUtzm7M",
        "nombre": "Museo de Historia Natural",
        "direccion": "San Pedro 555, Asunción",
        "lat": -25.2496004,
        "lng": -57.5750141,
        "categoria": "cultura",
        "tipos": "museum,point_of_interest,establishment",
        "rating": 4.3,
        "telefono": "Sin numero",
        "web": "",
        "fecha_actualizacion": "2026-02-04T12:58:30.388920",
        "horarios": ""
    },
    {
        "id": 227,
        "place_id": "ChIJC4dZKsWnXZQRImqtX_vSPyI",
        "nombre": "Museo de Arte e Historia Colonial del BCP",
        "direccion": "BCP, Federación Rusa, Asunción",
        "lat": -25.2780886,
        "lng": -57.5746012,
        "categoria": "cultura",
        "tipos": "museum,point_of_interest,establishment",
        "rating": 4.2,
        "telefono": "Sin numero",
        "web": "",
        "fecha_actualizacion": "2026-02-04T12:58:31.327638",
        "horarios": "Monday: 8:00 AM – 2:30 PM; Tuesday: 8:00 AM – 2:30 PM; Wednesday: 8:00 AM – 2:30 PM; Thursday: 8:00 AM – 2:30 PM; Friday: 8:00 AM – 2:30 PM; Saturday: Closed; Sunday: Closed"
    },
    {
        "id": 228,
        "place_id": "ChIJBQAglBGmXZQR0-OaOom1xvo",
        "nombre": "Expresiones Galería de Arte",
        "direccion": "Ave Santisima Trinidad 1610 casi Kuarahy, Asunción",
        "lat": -25.2675326,
        "lng": -57.566852,
        "categoria": "cultura",
        "tipos": "art_gallery,point_of_interest,establishment",
        "rating": 4.8,
        "telefono": "(021) 282 493",
        "web": "http://bit.ly/2ctRd9f",
        "fecha_actualizacion": "2026-02-04T12:58:33.777493",
        "horarios": "Monday: 8:00 AM – 6:00 PM; Tuesday: 8:00 AM – 6:00 PM; Wednesday: 8:00 AM – 6:00 PM; Thursday: 8:00 AM – 6:00 PM; Friday: 8:00 AM – 6:00 PM; Saturday: 9:00 AM – 1:00 PM; Sunday: Closed"
    },
    {
        "id": 229,
        "place_id": "ChIJU4HJGg6nXZQRa2j5qqQfgT0",
        "nombre": "Galería Martha Manchini Arte Latinoamericano",
        "direccion": "Padre de la Cruz Ortigoza, casi, Genaro Romero 2135, Asunción",
        "lat": -25.2685631,
        "lng": -57.576294,
        "categoria": "cultura",
        "tipos": "art_gallery,point_of_interest,establishment",
        "rating": 4.8,
        "telefono": "0982 620352",
        "web": "",
        "fecha_actualizacion": "2026-02-04T12:58:34.945805",
        "horarios": "Monday: 9:00 AM – 4:00 PM; Tuesday: 9:00 AM – 4:00 PM; Wednesday: 9:00 AM – 4:00 PM; Thursday: 9:00 AM – 4:00 PM; Friday: 9:00 AM – 4:00 PM; Saturday: 9:00 AM – 4:00 PM; Sunday: 9:00 AM – 4:00 PM"
    },
    {
        "id": 230,
        "place_id": "ChIJd1j1oBanXZQRn7Fm31u0Td4",
        "nombre": "Pistilli 3215 | Casa Taller",
        "direccion": "3215 Asunción",
        "lat": -25.2543586,
        "lng": -57.57622119999999,
        "categoria": "cultura",
        "tipos": "art_gallery,point_of_interest,establishment",
        "rating": 5.0,
        "telefono": "0981 127812",
        "web": "https://www.facebook.com/galeriapistilli/",
        "fecha_actualizacion": "2026-02-04T12:58:36.026751",
        "horarios": "Monday: 9:00 AM – 12:00 PM, 1:00 – 5:00 PM; Tuesday: 9:00 AM – 12:00 PM, 1:00 – 5:00 PM; Wednesday: 9:00 AM – 12:00 PM, 1:00 – 5:00 PM; Thursday: 9:00 AM – 12:00 PM, 1:00 – 5:00 PM; Friday: 9:00 AM – 12:00 PM, 1:00 – 5:00 PM; Saturday: 9:00 AM – 12:00 PM; Sunday: Closed"
    },
    {
        "id": 231,
        "place_id": "ChIJJeQ23q-nXZQRDVubpyxVVRA",
        "nombre": "euforia.",
        "direccion": "Molas Lopez 1079, Asunción",
        "lat": -25.2729389,
        "lng": -57.5707196,
        "categoria": "cultura",
        "tipos": "art_gallery,point_of_interest,establishment",
        "rating": 4.0,
        "telefono": "0981 897600",
        "web": "",
        "fecha_actualizacion": "2026-02-04T12:58:36.945829",
        "horarios": "Monday: 9:00 AM – 7:00 PM; Tuesday: 9:00 AM – 7:00 PM; Wednesday: 9:00 AM – 7:00 PM; Thursday: 9:00 AM – 7:00 PM; Friday: 9:00 AM – 7:00 PM; Saturday: 10:00 AM – 1:00 PM; Sunday: Closed"
    },
    {
        "id": 232,
        "place_id": "ChIJxzd0ISOmXZQRdqrDt4065bU",
        "nombre": "Parque de la Salud",
        "direccion": "Doctor Manuel Peña, Augusto Roa Bastos y, Asunción",
        "lat": -25.2757387,
        "lng": -57.57963669999999,
        "categoria": "recreacion",
        "tipos": "park,tourist_attraction,point_of_interest,establishment",
        "rating": 4.7,
        "telefono": "(021) 223 1413",
        "web": "",
        "fecha_actualizacion": "2026-02-04T12:58:39.426793",
        "horarios": "Monday: 6:00 AM – 8:30 PM; Tuesday: 6:00 AM – 8:30 PM; Wednesday: 6:00 AM – 8:30 PM; Thursday: 6:00 AM – 8:30 PM; Friday: 6:00 AM – 8:30 PM; Saturday: 6:00 AM – 8:30 PM; Sunday: 6:00 AM – 8:30 PM"
    },
    {
        "id": 233,
        "place_id": "ChIJaSsCbwCnXZQRF8_TI8gXed8",
        "nombre": "Plaza El Pinar",
        "direccion": "PCPF+GJ4, Asunción",
        "lat": -25.26373989999999,
        "lng": -57.57592599999999,
        "categoria": "recreacion",
        "tipos": "park,point_of_interest,establishment",
        "rating": "-",
        "telefono": "Sin numero",
        "web": "",
        "fecha_actualizacion": "2026-02-04T12:58:40.414534",
        "horarios": ""
    },
    {
        "id": 234,
        "place_id": "ChIJ29VjQ0CnXZQRd-nlzqBdAKg",
        "nombre": "mby ra mby rahei",
        "direccion": "PCPF+GJ4, Asunción",
        "lat": -25.26373989999999,
        "lng": -57.57592599999999,
        "categoria": "recreacion",
        "tipos": "park,point_of_interest,establishment",
        "rating": "-",
        "telefono": "Sin numero",
        "web": "",
        "fecha_actualizacion": "2026-02-04T12:58:41.035215",
        "horarios": ""
    },
    {
        "id": 235,
        "place_id": "ChIJ5fMCtZGnXZQRql2BZNyWkrs",
        "nombre": "Parque Ricardo Paraguayo",
        "direccion": "PCPF+GJH, Asunción",
        "lat": -25.26373989999999,
        "lng": -57.57592599999999,
        "categoria": "recreacion",
        "tipos": "park,point_of_interest,establishment",
        "rating": "-",
        "telefono": "Sin numero",
        "web": "",
        "fecha_actualizacion": "2026-02-04T12:58:41.747384",
        "horarios": ""
    },
    {
        "id": 236,
        "place_id": "ChIJvQQWCxWmXZQRHNcfrI8mV_A",
        "nombre": "Plaza Ycua Francia",
        "direccion": "PCMG+M6P, Asunción",
        "lat": -25.2657801,
        "lng": -57.5744202,
        "categoria": "recreacion",
        "tipos": "park,point_of_interest,establishment",
        "rating": 3.8,
        "telefono": "Sin numero",
        "web": "",
        "fecha_actualizacion": "2026-02-04T12:58:42.795421",
        "horarios": ""
    },
    {
        "id": 237,
        "place_id": "ChIJK_wsn0GmXZQRejYNGi9AHtE",
        "nombre": "Plaza Heroes Del Chaco",
        "direccion": "PCQC+VJW, Asunción",
        "lat": -25.260265,
        "lng": -57.57841329999999,
        "categoria": "recreacion",
        "tipos": "park,point_of_interest,establishment",
        "rating": 4.1,
        "telefono": "Sin numero",
        "web": "",
        "fecha_actualizacion": "2026-02-04T12:58:43.407544",
        "horarios": "Monday: Open 24 hours; Tuesday: Open 24 hours; Wednesday: Open 24 hours; Thursday: Open 24 hours; Friday: Open 24 hours; Saturday: Open 24 hours; Sunday: Open 24 hours"
    },
    {
        "id": 238,
        "place_id": "ChIJiY6N4UGmXZQRhW3JU5yigRk",
        "nombre": "Plaza Carancho",
        "direccion": "PCRF+5HQ, Teniente Ambrosio Mendoza, Asunción",
        "lat": -25.2595251,
        "lng": -57.57602949999999,
        "categoria": "recreacion",
        "tipos": "park,point_of_interest,establishment",
        "rating": 4.2,
        "telefono": "Sin numero",
        "web": "",
        "fecha_actualizacion": "2026-02-04T12:58:44.097831",
        "horarios": "Monday: Open 24 hours; Tuesday: Open 24 hours; Wednesday: Open 24 hours; Thursday: Open 24 hours; Friday: Open 24 hours; Saturday: Open 24 hours; Sunday: Open 24 hours"
    },
    {
        "id": 239,
        "place_id": "ChIJWdDAXACnXZQRUONkfBVZjNQ",
        "nombre": "Plaza Municipal",
        "direccion": "PCQH+P2M, Colonel Espíritu Aranda, Asunción",
        "lat": -25.2604433,
        "lng": -57.5724645,
        "categoria": "recreacion",
        "tipos": "park,point_of_interest,establishment",
        "rating": 4.0,
        "telefono": "Sin numero",
        "web": "",
        "fecha_actualizacion": "2026-02-04T12:58:44.820454",
        "horarios": ""
    },
    {
        "id": 240,
        "place_id": "ChIJN2IJghSmXZQRmzD50QNnWac",
        "nombre": "Pavetti Park",
        "direccion": "PCPH+5V9, Asunción",
        "lat": -25.264598,
        "lng": -57.570278,
        "categoria": "recreacion",
        "tipos": "park,point_of_interest,establishment",
        "rating": 4.0,
        "telefono": "Sin numero",
        "web": "",
        "fecha_actualizacion": "2026-02-04T12:58:45.439637",
        "horarios": "Monday: Open 24 hours; Tuesday: Open 24 hours; Wednesday: Open 24 hours; Thursday: Open 24 hours; Friday: Open 24 hours; Saturday: Open 24 hours; Sunday: Open 24 hours"
    },
    {
        "id": 241,
        "place_id": "ChIJ24UrYgCnXZQRaX08SeDT6cA",
        "nombre": "Plaza Nanawa",
        "direccion": "PCHF+CR7, Genaro Romero, &, Asunción",
        "lat": -25.2714699,
        "lng": -57.57545280000001,
        "categoria": "recreacion",
        "tipos": "park,point_of_interest,establishment",
        "rating": "-",
        "telefono": "Sin numero",
        "web": "",
        "fecha_actualizacion": "2026-02-04T12:58:46.460492",
        "horarios": ""
    },
    {
        "id": 242,
        "place_id": "ChIJZb0VrnOnXZQROyEwaNDbcZg",
        "nombre": "Quincho Nanawa",
        "direccion": "Cap. Albino Maciel 2133, Asunción",
        "lat": -25.2715617,
        "lng": -57.5752423,
        "categoria": "recreacion",
        "tipos": "park,point_of_interest,establishment",
        "rating": 5.0,
        "telefono": "Sin numero",
        "web": "",
        "fecha_actualizacion": "2026-02-04T12:58:47.392786",
        "horarios": ""
    },
    {
        "id": 243,
        "place_id": "ChIJXYt-GbOnXZQRQw_9U4mbVjM",
        "nombre": "Plaza Tajy Poty",
        "direccion": "PCPM+M5V, Teniente Primero Américo López, Asunción",
        "lat": -25.2632659,
        "lng": -57.5670914,
        "categoria": "recreacion",
        "tipos": "park,point_of_interest,establishment",
        "rating": 3.6,
        "telefono": "Sin numero",
        "web": "",
        "fecha_actualizacion": "2026-02-04T12:58:48.010718",
        "horarios": ""
    },
    {
        "id": 244,
        "place_id": "ChIJ3eYpCgCnXZQRvPAWMxS1ax4",
        "nombre": "Plaza Eugenio A.Garay",
        "direccion": "PCQM+FF7, Marcelino Pérez Martínez, Asunción",
        "lat": -25.2613375,
        "lng": -57.566334,
        "categoria": "recreacion",
        "tipos": "park,point_of_interest,establishment",
        "rating": 5.0,
        "telefono": "Sin numero",
        "web": "",
        "fecha_actualizacion": "2026-02-04T12:58:49.132991",
        "horarios": ""
    },
    {
        "id": 245,
        "place_id": "ChIJsTvOgBKmXZQR606hy1-hhXA",
        "nombre": "Dario Gómez Serrato",
        "direccion": "PCPP+H2G, Asunción",
        "lat": -25.2635555,
        "lng": -57.56492480000001,
        "categoria": "recreacion",
        "tipos": "park,point_of_interest,establishment",
        "rating": 4.1,
        "telefono": "Sin numero",
        "web": "",
        "fecha_actualizacion": "2026-02-04T12:58:50.052366",
        "horarios": "Monday: Open 24 hours; Tuesday: Open 24 hours; Wednesday: Open 24 hours; Thursday: Open 24 hours; Friday: Open 24 hours; Saturday: Open 24 hours; Sunday: Open 24 hours"
    },
    {
        "id": 246,
        "place_id": "ChIJsyDjkQ2mXZQRDfLWrbRE4uM",
        "nombre": "República Del Perú Park",
        "direccion": "Plaza Ecológico, Profesora Felicia González, Asunción",
        "lat": -25.26436199999999,
        "lng": -57.5638814,
        "categoria": "recreacion",
        "tipos": "park,point_of_interest,establishment",
        "rating": 4.0,
        "telefono": "Sin numero",
        "web": "",
        "fecha_actualizacion": "2026-02-04T12:58:50.866588",
        "horarios": "Monday: Open 24 hours; Tuesday: Open 24 hours; Wednesday: Open 24 hours; Thursday: Open 24 hours; Friday: Open 24 hours; Saturday: Open 24 hours; Sunday: Open 24 hours"
    },
    {
        "id": 247,
        "place_id": "ChIJw50aUwCnXZQR7ym4_KCU1Iw",
        "nombre": "Plaza Luis Alberto del Paraná",
        "direccion": "PCFF+VX2, Asunción",
        "lat": -25.2753506,
        "lng": -57.57512189999999,
        "categoria": "recreacion",
        "tipos": "park,point_of_interest,establishment",
        "rating": 5.0,
        "telefono": "Sin numero",
        "web": "",
        "fecha_actualizacion": "2026-02-04T12:58:51.694613",
        "horarios": ""
    },
    {
        "id": 248,
        "place_id": "ChIJ602DOwCnXZQRyyQLOf5Mah0",
        "nombre": "Fernando anda en skate #48917",
        "direccion": "PCFF+RQQ, Asunción",
        "lat": -25.2754003,
        "lng": -57.57550909999999,
        "categoria": "recreacion",
        "tipos": "park,point_of_interest,establishment",
        "rating": "-",
        "telefono": "Sin numero",
        "web": "",
        "fecha_actualizacion": "2026-02-04T12:58:52.621809",
        "horarios": ""
    },
    {
        "id": 249,
        "place_id": "ChIJz0R9oBWnXZQR6cTPMNaGD64",
        "nombre": "Plaza Mburucuyá",
        "direccion": "PCHM+F87, Profesor Doctor Francisco Fernández, Asunción",
        "lat": -25.2718989,
        "lng": -57.56665479999999,
        "categoria": "recreacion",
        "tipos": "park,point_of_interest,establishment",
        "rating": 4.6,
        "telefono": "Sin numero",
        "web": "",
        "fecha_actualizacion": "2026-02-04T12:58:53.224331",
        "horarios": ""
    },
    {
        "id": 250,
        "place_id": "ChIJcU6_ym2nXZQRXG3B5zRqhKQ",
        "nombre": "Idon Consultora (Reserva TSM)",
        "direccion": "Profesor Silvia Enciso, 1656 (Oficina, Asunción",
        "lat": -25.271675,
        "lng": -57.5865429,
        "categoria": "recreacion",
        "tipos": "park,point_of_interest,establishment",
        "rating": "-",
        "telefono": "0982 119100",
        "web": "https://www.facebook.com/idonconsultora/",
        "fecha_actualizacion": "2026-02-04T12:58:53.935608",
        "horarios": ""
    },
    {
        "id": 251,
        "place_id": "ChIJAQDQSRqmXZQRnxuHHT4HL9c",
        "nombre": "Agustín Yegros",
        "direccion": "PCGJ+4F8, Asunción",
        "lat": -25.27470719999999,
        "lng": -57.5688032,
        "categoria": "recreacion",
        "tipos": "park,point_of_interest,establishment",
        "rating": "-",
        "telefono": "Sin numero",
        "web": "",
        "fecha_actualizacion": "2026-02-04T12:58:54.561586",
        "horarios": ""
    }
]